label;date;text
SHORT;;ChatGPT
SHORT;;
SHORT;;
SHORT;2026-01-04;2026-01-04 / 08:00 - Sunday
SHORT;2026-01-04;
SHORT;2026-01-04;Recs:
SHORT;2026-01-04;ES00 (E-mini S&P 500 futures) – risk-off pressure from geopolitical shocks (Venezuela capture) and mixed global equities suggests downside bias. 
SHORT;2026-01-04;WTI (Crude Oil futures) – short-term supply disruption risk priced in but directional uncertainty and potential pullback after recent surge. 
SHORT;2026-01-04;DXY (US Dollar Index) – prospect of Fed rate cuts and dollar weakness into 2026 could cause short-term corrective leg lower. 
SHORT;2026-01-04;XLF (Financial Select Sector SPDR ETF) – activist investor pressure and bank sector stress elevate short downside risk. 
SHORT;2026-01-04;NQ00 (E-mini Nasdaq 100 futures) – tech softness from profit-taking after 2025 gains implies potential intraday pullback. 
SHORT;2026-01-04;
SHORT;2026-01-04;set this up as a daily task at 8:15
SHORT;2026-01-04;Task scheduled. Daily at 08:15 Stockholm time.
SHORT;2026-01-04;
SHORT;2026-01-05;2026?01?05 / 08:15 - Monday
SHORT;2026-01-05;
SHORT;2026-01-05;SPY - broad US equity risk off, profit?taking heavy after long run, valuation stretched. 
SHORT;2026-01-05;CL_F - crude oil futures weakening on supply expectations and technical pressure. 
SHORT;2026-01-05;XAGUSD - silver peaked then pulled back, technicals point to correction. 
SHORT;2026-01-05;USDJPY - FX showing US dollar capped and mixed risk appetite - short yen weakness. 
SHORT;2026-01-05;VIX - volatility index extremely low with asymmetric upside risk, anticipate repricing. 
SHORT;2026-01-05;
SHORT;2026-01-05;Paused·Generate short trade shorts
SHORT;2026-01-05;isn't vix then should be Long if low
SHORT;2026-01-05;
SHORT;2026-01-05;Correct.
SHORT;2026-01-05;
SHORT;2026-01-05;If VIX is low, the directional trade is LONG VIX, not short.
SHORT;2026-01-05;Low implied volatility implies asymmetric upside risk and mean reversion favors expansion.
SHORT;2026-01-05;Shorting VIX only makes sense after a volatility spike, not at compressed levels.
SHORT;2026-01-05;
SHORT;2026-01-05;Conclusion: VIX was misclassified. A low-VIX regime invalidates it as a short candidate.
SHORT;2026-01-05;
SHORT;2026-01-05;"please reiterate if there is any wrong ""shorts"" in last recommendation"
SHORT;2026-01-05;Memories updated
SHORT;2026-01-05;
SHORT;2026-01-05;Yes. Two errors.
SHORT;2026-01-05;
SHORT;2026-01-05;1. VIX
SHORT;2026-01-05;Wrong side. Low VIX implies LONG volatility, not short. Short VIX only after spikes.
SHORT;2026-01-05;
SHORT;2026-01-05;2. USDJPY
SHORT;2026-01-05;Reasoning inconsistent. “Short yen weakness” contradicts the trade.
SHORT;2026-01-05;Short USDJPY equals long JPY strength. If expecting yen weakness, the position should be long USDJPY.
SHORT;2026-01-05;
SHORT;2026-01-05;All other shorts were directionally consistent.
SHORT;2026-01-05;
SHORT;2026-01-06;2026?01?06 / 08:15 - Tuesday
SHORT;2026-01-06;
SHORT;2026-01-06;SENSEX (NSE) – Indian benchmark weakening with key stocks lagging, risk?off setup. 
SHORT;2026-01-06;WTI (CL1) – crude oil down on oversupply and lower demand expectations. 
SHORT;2026-01-06;EUR/USD – pair below key resistance, short bias as downside persists. 
SHORT;2026-01-06;NKE – Nike weak relative to peers, risk of further downside (futures soft). 
SHORT;2026-01-06;SPY – broad US equity indices showing technical breakdown and bearish signals. 
SHORT;2026-01-06;
SHORT;2026-01-07;2026?01?07 / 08:15 - Wednesday
SHORT;2026-01-07;
SHORT;2026-01-07;SILVER (XAGUSD) - price downtrend confirmed below key levels with bearish momentum and break lower support. 
SHORT;2026-01-07;PLATINUM (XPTUSD) - sharp drops on recent session and technical weakness vs metals group. 
SHORT;2026-01-07;NIKKEI225 - Asian index shows mixed macro sentiment and Asian energy stocks lag, downside tilt. 
SHORT;2026-01-07;USOIL (CL1) - crude futures rolled over after geopolitical spike failed and trend loss. 
SHORT;2026-01-07;EURUSD - technical indicators in short frames signal bearish continuation after resistance rejection. 
SHORT;2026-01-07;
SHORT;2026-01-08;2026?01?08 / 08:16 - Thursday
SHORT;2026-01-08;
SHORT;2026-01-08;SPY – broad US equity futures showing weakness and technical pullback after rally exhaustion. 
SHORT;2026-01-08;CL=F – crude oil futures pressured by commodity index rebalancing with heavy sell orders expected. 
SHORT;2026-01-08;XAGUSD – silver facing significant selling pressure from annual commodity rebalancing. 
SHORT;2026-01-08;AUD/USD – currency pair hinting at pullback risk as USD regains footing and Aussie momentum falters. 
SHORT;2026-01-08;DAX – European index retreating from short?term resistance with broad risk?off price action. 
SHORT;2026-01-08;
SHORT;2026-01-12;2026-01-12 / 08:16 - Monday
SHORT;2026-01-12;
SHORT;2026-01-12;SPY – Index showing pre-market weakness from prior pullback and macro uncertainty. 
SHORT;2026-01-12;CL=F – Crude oil price momentum breaking lower with bearish technical signals. 
SHORT;2026-01-12;AAPL – Large cap tech under pressure and momentum weak vs peers. 
SHORT;2026-01-12;AUDUSD – FX bearish continuation bias as AUD outlook flagged weak by analysts. 
SHORT;2026-01-12;NQ=F – Nasdaq futures showing risk-off technical bias and sector rotation out of growth. 
SHORT;2026-01-12;
SHORT;2026-01-13;2026?01?13 / 08:16 - Tuesday
SHORT;2026-01-13;
SHORT;2026-01-13;SPX500 (S&P 500 futures) - U.S. stock futures weak on risk?off flows after Powell Fed probe and ahead of CPI, bearish bias. 
SHORT;2026-01-13;INDU (Dow Jones futures) - Dow futures lagging as bank and credit names slide on rate uncertainty and legal pressure on Fed leadership. 
SHORT;2026-01-13;USD/JPY - Yen weakness extreme but corrective risk rising as carry unwinds into key data, topside rejection pressure. 
SHORT;2026-01-13;XLE (Energy Select Sector ETF) - Energy sector weak on mixed oil signals despite geopolitical risk, traders reducing exposure. 
SHORT;2026-01-13;NIFTY50 (India index) - Sensex/Nifty under pressure with worst start to year in decade, indicating broader risk sentiment. 
SHORT;2026-01-13;
SHORT;2026-01-14;2026?01?14 / 08:15 - Monday
SHORT;2026-01-14;
SHORT;2026-01-14;SPY – U.S. equities weakness on credit?card rate cap fears and financial sell?off, bearish short bias. 
SHORT;2026-01-14;JPM – Bank stock dragged by weaker earnings and financial sector pressure, technical downside. 
SHORT;2026-01-14;USD/JPY – Momentum fading after long rally, Bank of America technical closure of longs advised. 
SHORT;2026-01-14;USD/SEK – SEK set to strengthen versus USD in forecasts, short USD/SEK aligns with bearish USD momentum. 
SHORT;2026-01-14;WTI (CL=F) – Oil supply anxieties causing volatility but recent downside pressure and range failure signal short setups. 
SHORT;2026-01-14;
SHORT;2026-01-15;2026?01?15 / 08:16 - Thursday
SHORT;2026-01-15;
SHORT;2026-01-15;SPY - U.S. equities slumping on bank earnings weakness and tech sell?off, short bias persists. 
SHORT;2026-01-15;QQQ - Nasdaq/tech exposure losing momentum on broad tech declines and rotation out of growth. 
SHORT;2026-01-15;C - Citigroup (C) - Bank earnings disappointment dragging financial stocks lower. 
SHORT;2026-01-15;WTI (CL=F) - Oil prices reversing recent gains amid easing geopolitical risk and supply pressure. 
SHORT;2026-01-15;EURUSD - FX pair in descending channel with technical bearish structure. 
SHORT;2026-01-15;
SHORT;2026-01-16;2026?01?16 / 08:16 - Friday
SHORT;2026-01-16;
SHORT;2026-01-16;ES=F - S&P 500 E?mini futures (broader risk?off bias after weaker commodities and cautious risk sentiment in Asia). 
SHORT;2026-01-16;N225 - Nikkei 225 Index (technical and fundamental bearish signals amid tightening BOJ hawkish bets). 
SHORT;2026-01-16;CL=F - WTI Crude Oil (failed breakout and short?term bearish technical setup). 
SHORT;2026-01-16;USD/JPY (FX) - Yen strength emerging on intervention talk and shifting rate outlook pressures USD. 
SHORT;2026-01-16;ASML - ASML Holding NV (European tech/semiconductor exposure vulnerable to risk?off flows after global equities shift lower). 
SHORT;2026-01-16;
SHORT;2026-01-17;2026?01?17 / 08:16 - Saturday
SHORT;2026-01-17;
SHORT;2026-01-17;"SPX – S&P 500 futures short; two?day losing streak and downside pressure amid geopolitical and Fed independence risk. "
SHORT;2026-01-17;"NDX – Nasdaq 100 futures short; tech and broader equities slipping with banks and cyclicals underperforming. "
SHORT;2026-01-17;"WTI – Crude oil futures short; price below key psychological level and bearish technical retest. "
SHORT;2026-01-17;"XLF – Financials ETF short; bank stocks lag on earnings and regulatory/credit risks. "
SHORT;2026-01-17;"USD/JPY – FX short USD/JPY; dollar holding higher makes yen rebound setups fragile. "
SHORT;2026-01-17;
SHORT;2026-01-18;2026-01-18 / 08:15 - Sunday
SHORT;2026-01-18;
SHORT;2026-01-18;SPY - macro risk-off pressure, large caps lag on mixed global sentiment and rotation out of growth. 
SHORT;2026-01-18;WTI - bearish technical channel with supply surplus outlook and recent oil slide on easing geopolitical risk. 
SHORT;2026-01-18;XLF - financials underperform after bank earnings weakness and equity downdrafts. 
SHORT;2026-01-18;EUR/USD - chart momentum bearish with pullback resistance intact. 
SHORT;2026-01-18;BTC/USD - technical bearish momentum with breakdown risk toward support. 
SHORT;2026-01-18;
SHORT;2026-01-19;2026-01-19 / 08:15 - Monday
SHORT;2026-01-19;
SHORT;2026-01-19;ES_F - S&P 500 E?mini futures - global risk off after Trump’s tariff threat on Europe weakens sentiment. 
SHORT;2026-01-19;NQ_F - Nasdaq 100 E?mini futures - tech and growth are under pressure as futures slide on tariff and risk aversion. 
SHORT;2026-01-19;C - Citigroup - stock falling on recent earnings miss and bank sector weakness. 
SHORT;2026-01-19;BAC - Bank of America - banking sector weakness persists after mixed earnings and regulatory pressure. 
SHORT;2026-01-19;"EURUSD - Euro vs US Dollar - euro showing brief drops on trade conflict and dollar flows before strength signals; technical bearish setups for short term. "
SHORT;2026-01-19;
SHORT;2026-01-20;2026-01-20 / 08:15 - Tuesday
SHORT;2026-01-20;
SHORT;2026-01-20;ES_F - S&P 500 E-mini futures - global equities sliding on renewed tariff/tension risk and risk?off flows. 
SHORT;2026-01-20;NQ_F - Nasdaq 100 E-mini futures - technical bearish and sell pressure as trade war risk drags tech sentiment. 
SHORT;2026-01-20;BAS.DE - BASF - stock down after analyst warning on weak volumes and pricing weakening sector outlook. 
SHORT;2026-01-20;DAX - Germany 40 index - European markets falling on tariff escalation fears and risk aversion. 
SHORT;2026-01-20;EURUSD - Euro vs US dollar - euro weakening on risk aversion while dollar safe?haven bids spike volatility. 
SHORT;2026-01-20;
SHORT;2026-01-21;2026-01-21 / 08:15 - Wednesday
SHORT;2026-01-21;
SHORT;2026-01-21;ES_F - S&P 500 E?mini – equity futures sliding on global risk?off after tariff and geopolitical shock. 
SHORT;2026-01-21;NQ_F - Nasdaq 100 E?mini – tech weakness amid broader selloff and bearish momentum in software space. 
SHORT;2026-01-21;EURUSD - Euro vs US Dollar – technical RSI/MACD bearish beneath key levels on risk aversion flows. 
SHORT;2026-01-21;WTI - Crude Oil – oil under pressure in risk?off trades, bearish short?term supply/demand signals. 
SHORT;2026-01-21;ZARUSD - South African rand vs USD – EM currency weakening on risk?off sentiment and capital shifts. 
SHORT;2026-01-21;
SHORT;2026-01-22;2026?01?22 / 08:15 ? Thursday
SHORT;2026-01-22;
SHORT;2026-01-22;ES_F – S&P 500 e?mini futures (bearish technical break and risk?off pressure after mixed geopolitics and volatility) 
SHORT;2026-01-22;NQ_F – Nasdaq 100 e?mini futures (tech weakness with corrective momentum after tariff fears) 
SHORT;2026-01-22;DAX – Germany 40 index futures (European equities pressured on global risk aversion and sell signals) 
SHORT;2026-01-22;USOIL – Crude Oil futures (short bias from elevated inventories and faltering demand cues) 
SHORT;2026-01-22;EURUSD – Euro vs US Dollar (technical breakdown on risk?off flows and euro weakness) 
SHORT;2026-01-22;
SHORT;2026-01-23;2026?01?23 / 08:15 - Friday
SHORT;2026-01-23;
SHORT;2026-01-23;ES_F - S&P 500 e?mini (bearish pressure lingering on global risk?off from geopolitical policy uncertainty). 
SHORT;2026-01-23;NQ_F - Nasdaq 100 e?mini (tech sector vulnerability after tariff/friction noise and breakdown signals). 
SHORT;2026-01-23;EURUSD - Euro vs US Dollar (technical strong sell on short horizons amid U.S. dollar fluctuations). 
SHORT;2026-01-23;WTI - Crude Oil futures (prices slid ~2%, bearish short?term supply build risk). 
SHORT;2026-01-23;ZARUSD - South African rand vs USD (EM currency weakening in risk?off flows). 
SHORT;2026-01-23;
SHORT;2026-01-24;2026?01?24 / 08:15 - Saturday
SHORT;2026-01-24;
SHORT;2026-01-24;ES_F - S&P 500 e?mini (broader equities under pressure from renewed geopolitical risk and fund outflows) 
SHORT;2026-01-24;NQ_F - Nasdaq 100 e?mini (tech and growth sectors show residual weakness from recent selloffs) 
SHORT;2026-01-24;USDJPY - US Dollar/Japanese Yen (pair breaking lower on intervention and bearish momentum) 
SHORT;2026-01-24;BTCUSD - Bitcoin (technical bearish flag with declining momentum and resistance fail) 
SHORT;2026-01-24;USOIL - Crude Oil futures (inventory risk and weak demand cues limiting bullish follow?through) 
SHORT;2026-01-24;
SHORT;2026-01-26;2026?01?26 / 08:15 - Monday
SHORT;2026-01-26;
SHORT;2026-01-26;"ES_F - S&P?500 e?mini (global risk?off persists on renewed tariff and geopolitical tension pressure; equities technicals weakening) "
SHORT;2026-01-26;NQ_F - Nasdaq?100 e?mini (mega?cap tech under sustained selling from macro uncertainty and IMF warnings on tech vulnerability) 
SHORT;2026-01-26;"DAX_F - DAX 40 futures (European exporters at risk as trade tensions with US escalate; index showing bearish momentum) "
SHORT;2026-01-26;WTI - Crude oil futures (energy prices pressured amid risk?off repositioning and slowing demand cues) 
SHORT;2026-01-26;EURUSD - Euro vs US dollar (euro weakening on risk?off flows with the USD holding bid in macro stress) 
SHORT;2026-01-26;
SHORT;2026-01-27;2026?01?27 / 08:15 - Tuesday
SHORT;2026-01-27;
SHORT;2026-01-27;"ESH26 - S&P 500 e?mini (futures down ahead of open on tariff risk and potential government shutdown; bearish momentum) "
SHORT;2026-01-27;NQH26 - Nasdaq 100 e?mini (futures weaker signaling tech sector pullback into open) 
SHORT;2026-01-27;USDJPY - FX (yen strength and intervention buzz indicates dollar weakness continuation) 
SHORT;2026-01-27;CLH26 - Crude Oil futures (technical models showing lower probability of short?term rally after recent trend unwind commentary) 
SHORT;2026-01-27;XAUUSD - Gold (stretched rallies into all?time highs prone to profit?taking selloffs) 
SHORT;2026-01-27;
SHORT;2026-01-28;2026-01-28 / 08:15 - Wednesday
SHORT;2026-01-28;
SHORT;2026-01-28;ES_F - S&P 500 e-mini (futures gap down on risk?off geopolitics and tariff uncertainty with rollover weakness) 
SHORT;2026-01-28;"USDJPY - USD/JPY (pair breaking lower under yen strength and dollar weakness; bearish structure intact) "
SHORT;2026-01-28;FXEUSD - EUR/USD (euro at multi?year highs signals short USD bias but technical mean reversion risk for euro) 
SHORT;2026-01-28;"CL_F - Crude Oil futures (oil failing to sustain rally amid macro risk and equity strength rotation; technical resistance) "
SHORT;2026-01-28;MSFT - Microsoft (big cap tech showing topping action ahead of earnings and stretched valuations) 
SHORT;2026-01-28;
SHORT;2026-01-29;2026-01-29 / 08:16 - Thursday
SHORT;2026-01-29;
SHORT;2026-01-29;ES_F - S&P 500 e-mini (global markets showing risk?off price action ahead of key event risk with bearish breadth). 
SHORT;2026-01-29;NQ_F - Nasdaq 100 e-mini (tech and indices reversed after recent highs and selling pressure in equities). 
SHORT;2026-01-29;CL_F - Crude Oil futures (energy prices showing mixed signals with downward pressure on growth expectations). 
SHORT;2026-01-29;USDJPY - USD/JPY (continued downside pressure on dollar vs yen with technical triggers for shorts). 
SHORT;2026-01-29;XLP - Consumer Staples Select Sector SPDR (relative weakness and defensive rotation could see mean reversion down). 
SHORT;2026-01-29;
SHORT;2026-01-29;Generate short trade shorts
SHORT;2026-01-29;
SHORT;2026-01-30;2026-01-30 / 08:15 - Friday
SHORT;2026-01-30;
SHORT;2026-01-30;ES_F - S&P 500 e?mini (global risk?off selling pressure on stocks, tech weakness after big cap losses). 
SHORT;2026-01-30;MSFT - Microsoft (earnings?driven plunge dragging tech sector and Nasdaq). 
SHORT;2026-01-30;XAUUSD - Gold (retested and broke support after sharp reversal from record highs). 
SHORT;2026-01-30;BTCUSD - Bitcoin (crypto collapsed on risk?off sentiment and volatile market conditions). 
SHORT;2026-01-30;JAKKOMP - Jakarta Composite Index (Jakarta stocks plunged on MSCI downgrade risk and outflows). 
SHORT;2026-01-30;
SHORT;2026-01-31;2026-01-31 / 08:17 - Saturday
SHORT;2026-01-31;
SHORT;2026-01-31;ES_F - S&P 500 e?mini (tech earnings risk, recent megacap weakness sets bearish pressure) 
SHORT;2026-01-31;XAU24 - Gold futures (sharp multi?day plunge from record highs signals distribution and technical breakdown) 
SHORT;2026-01-31;SILVER24 - Silver futures (extreme sell?off and technical capitulation into key support breach) 
SHORT;2026-01-31;USD/JPY - Dollar/Yen (USD weakness narrative likely to resume pressure on cross, bearish momentum) 
SHORT;2026-01-31;AUS200 - Australia 200 index (commodity market volatility and risk?off sentiment pressuring exposure) 
SHORT;2026-01-31;
SHORT;2026-02-02;2026?02?02 / 08:15 – Monday
SHORT;2026-02-02;
SHORT;2026-02-02;SPY – S&P 500 ETF (futures indicate extended downside after recent sell?offs and key support breaks). 
SHORT;2026-02-02;"QQQ – Nasdaq 100 ETF (software and tech sector in bear territory; momentum weakening). "
SHORT;2026-02-02;"BTCUSD – Bitcoin (crypto price dropped sharply to multi?week lows; bearish momentum confirmed). "
SHORT;2026-02-02;"XAUUSD – Gold (recent record highs reversed into corrective decline; trend turn down). "
SHORT;2026-02-02;ASX200 – Australia 200 Index (materials and miners dragging broader index lower on commodity retreat). 
SHORT;2026-02-02;
SHORT;2026-02-03;2026?02?03 / 08:16 - Monday
SHORT;2026-02-03;
SHORT;2026-02-03;ES_F – S&P 500 e?mini futures (overnight risk?off sentiment, index futures indicating lower open). 
SHORT;2026-02-03;NQ_F – Nasdaq 100 futures (tech underperforming amid volatility and earnings uncertainty). 
SHORT;2026-02-03;GC_F – Gold futures (precious metals plunged sharply as sell?off deepens). 
SHORT;2026-02-03;SI_F – Silver futures (record large downside moves and breakdown momentum). 
SHORT;2026-02-03;CL_F – Crude oil futures (commodity markets sliding with oil breaking support). 
SHORT;2026-02-03;
SHORT;2026-02-04;2026?02?04 / 08:15 - Monday
SHORT;2026-02-04;
SHORT;2026-02-04;NQ_F – Nasdaq 100 futures (software stocks weakness in Asia, tech sector sliding). 
SHORT;2026-02-04;SPY – S&P 500 ETF (futures showing near?term selling pressure and breaking short support). 
SHORT;2026-02-04;"GDX – Gold miners ETF (commodities slump; metals hit by broad sell?off). "
SHORT;2026-02-04;CL_F – Crude oil futures (energy prices reversing lower on commodity downturn). 
SHORT;2026-02-04;USD/JPY – FX (dollar stronger bias pushing yen pair toward downside break). 
SHORT;2026-02-04;
SHORT;2026-02-05;2026-02-05 / 08:16 - Monday
SHORT;2026-02-05;
SHORT;2026-02-05;NIKKEI225 - Japanese stock index (Asia risk-off sell-off momentum confirmed). 
SHORT;2026-02-05;WTI/CL_F - Crude oil futures (sharp commodity slump with crude down on eased geopolitical risk). 
SHORT;2026-02-05;XAU/USD - Gold spot (precious metals sliding on strong USD and hawkish policy expectations). 
SHORT;2026-02-05;BTCUSD - Bitcoin (crypto risk-off pressure and break below key levels). 
SHORT;2026-02-05;AUD/USD - Australian dollar FX (risk sentiment hitting commodity?linked FX and charts showing bearish pressure). 
SHORT;2026-02-05;
SHORT;2026-02-06;2026-02-06 / 08:16 - Monday
SHORT;2026-02-06;
SHORT;2026-02-06;BTCUSD - Bitcoin (crypto plunged double digits with bearish momentum accelerating globally). 
SHORT;2026-02-06;NQ_F - Nasdaq 100 futures (tech sell?off dragging equity index futures lower). 
SHORT;2026-02-06;XAGUSD - Silver (precious metals collapsed, sharp downtrend intact). 
SHORT;2026-02-06;ASX200 - ASX 200 index (Australian equity index hit by broad sell?off and sector weakness). 
SHORT;2026-02-06;CL_F - Crude oil futures (commodities under pressure from risk?off and lower energy prices). 
SHORT;2026-02-06;
SHORT;2026-02-09;2026-02-09 / 08:16 - Monday
SHORT;2026-02-09;
SHORT;2026-02-09;NQ_F - Nasdaq 100 futures (tech weakness persists amid global sell-off in equities). 
SHORT;2026-02-09;CL_F - Crude oil futures (commodities down on easing geopolitical risk and broad risk-off). 
SHORT;2026-02-09;GBP/USD - British pound FX pair (pound selling off decisively after BoE move). 
SHORT;2026-02-09;XAGUSD - Silver spot (precious metals in deep retreat on slump in commodities). 
SHORT;2026-02-09;ASX200 - ASX 200 index (Australian market sharply lower in global contagion sell-off). 
SHORT;2026-02-09;
SHORT;2026-02-10;2026-02-10 / 08:15 - Monday
SHORT;2026-02-10;
SHORT;2026-02-10;NQ_F – Nasdaq 100 futures (tech and broader equities remain under pressure with systematic sell signals increasing). 
SHORT;2026-02-10;XAGUSD – Silver (recent plunge and technical break toward lower support signals continuation). 
SHORT;2026-02-10;CL_F – Crude oil futures (commodity sell-off persisting with weakening demand outlook). 
SHORT;2026-02-10;USD/JPY – FX pair (bearish technical pattern with downside momentum and break risk). 
SHORT;2026-02-10;HPP – Hudson Pacific Properties (quant ratings show persistent sell bias among small caps). 
SHORT;2026-02-10;
SHORT;2026-02-11;2026-02-11 / 08:16 - Monday
SHORT;2026-02-11;
SHORT;2026-02-11;Recs:
SHORT;2026-02-11;SPGI – S&P Global (shares dropped after weak 2026 profit outlook and AI pressure signals downside momentum) 
SHORT;2026-02-11;NQ_F – Nasdaq 100 futures (tech sector selling tied to AI valuation fears and earnings-driven weakness) 
SHORT;2026-02-11;XAGUSD – Silver (short?term bias remains bearish after failed rebound and heavy positioning pressure) 
SHORT;2026-02-11;GBP/USD – British Pound FX (sterling exhaustion signals and policy uncertainty keep downside risk) 
SHORT;2026-02-11;USD Index Futures (DXY) – US Dollar Index (reports show dollar sliding against euro and yuan, maintaining bearish momentum) 
SHORT;2026-02-11;
SHORT;2026-02-12;2026-02-12 / 08:16 - Monday
SHORT;2026-02-12;
SHORT;2026-02-12;Recs:
SHORT;2026-02-12;NQ_F - Nasdaq 100 futures (tech-led selloff persists amid AI valuation fears and weak index closes) 
SHORT;2026-02-12;XAGUSD - Silver (metals unwind and continued volatility after heavy liquidation phase) 
SHORT;2026-02-12;CL_F - WTI Crude Oil futures (sanctions pressure and discounted Russian supply weigh on pricing) 
SHORT;2026-02-12;BTCUSD - Bitcoin (crypto declines tied to global tech rout and risk-off flows) 
SHORT;2026-02-12;DAX_F - DAX Index futures (European indices show bearish corrective trend during tech-driven weakness) 
SHORT;2026-02-12;
SHORT;2026-02-13;2026-02-13 / 08:15 - Monday
SHORT;2026-02-13;
SHORT;2026-02-13;Recs:
SHORT;2026-02-13;NQ_F - Nasdaq 100 futures (global tech selloff accelerating with AI fears and index breaking key averages) 
SHORT;2026-02-13;XAGUSD - Silver (recent ~10% plunge with technical support breakdown and high liquidation flows) 
SHORT;2026-02-13;CL_F - WTI Crude Oil futures (prices sliding toward second weekly loss amid easing Iran risk and weaker demand outlook) 
SHORT;2026-02-13;HSI_F - Hang Seng Index futures (Asian equities dropping sharply as tech weakness spreads regionally) 
SHORT;2026-02-13;GC_F - Gold futures (analysts recommend intraday sell-on-rise after breakdown below resistance) 
SHORT;2026-02-13;
SHORT;2026-02-14;2026-02-14 / 08:15 - Monday
SHORT;2026-02-14;
SHORT;2026-02-14;Recs:
SHORT;2026-02-14;NQ_F - Nasdaq 100 futures (AI disruption fears and CPI risk keep tech under pressure with bearish bias) 
SHORT;2026-02-14;XAGUSD - Silver (support levels weakening with growing breakdown risk near key technical zones) 
SHORT;2026-02-14;CL_F - WTI Crude Oil futures (price trading below trendline with continued bearish momentum) 
SHORT;2026-02-14;GC_F - Gold futures (bearish candlestick reversal and volatility-driven downside risk) 
SHORT;2026-02-14;AUD/JPY - FX pair (high directional volatility and prior short bias amid risk-off sentiment) 
SHORT;2026-02-14;
SHORT;2026-02-15;2026-02-15 / 08:16 - Monday
SHORT;2026-02-15;
SHORT;2026-02-15;Recs:
SHORT;2026-02-15;NQ_F - Nasdaq 100 futures (tech-led selloff accelerating as AI disruption fears push indices below key averages) 
SHORT;2026-02-15;AAPL - Apple Inc. (large-cap tech weakness with recent sharp declines contributing to index breakdown) 
SHORT;2026-02-15;XAGUSD - Silver (precious metals rout and persistent liquidation pressure signal intraday downside bias) 
SHORT;2026-02-15;CL_F - WTI Crude Oil futures (demand concerns and weaker commodity sentiment maintain bearish structure) 
SHORT;2026-02-15;IGV - iShares Expanded Tech-Software ETF (software sector deeply negative YTD amid AI-driven sentiment shock) 
SHORT;2026-02-15;
SHORT;2026-02-16;2026-02-16 / 08:15 - Monday
SHORT;2026-02-16;
SHORT;2026-02-16;Recs:
SHORT;2026-02-16;NQ_F - Nasdaq 100 futures (ongoing tech-led selloff and software weakness driving short-term downside pressure) 
SHORT;2026-02-16;XAGUSD - Silver (bearish weekly bias below 79.42 with lower highs and recent sharp metal selloff) 
SHORT;2026-02-16;GC_F - Gold futures (recent price drop and consolidation after commodity weakness favors intraday fade setups) 
SHORT;2026-02-16;GBP/USD - British Pound FX (speculators increasing net?short positioning signals bearish momentum) 
SHORT;2026-02-16;USD/JPY - FX pair (weak dollar trend with falling yields and yen strength tied to risk?off flows) 
SHORT;2026-02-16;
SHORT;2026-02-17;2026-02-17 / 08:15 - Monday
SHORT;2026-02-17;
SHORT;2026-02-17;Recs:
SHORT;2026-02-17;NQ_F - Nasdaq 100 futures (futures falling, index below key averages amid ongoing AI?driven tech selloff) 
SHORT;2026-02-17;XAGUSD - Silver (bearish crossover, repeated intraday drops and continued liquidation pressure) 
SHORT;2026-02-17;XAUUSD - Gold (trendline break with bearish weekly bias below 4955 resistance) 
SHORT;2026-02-17;USDJPY - FX pair (yen strengthening broadly as risk assets weaken and flows shift defensive) 
SHORT;2026-02-17;JP225_F - Nikkei 225 futures (Japanese equities declining after weak GDP and regional risk?off tone) 
SHORT;2026-02-17;
SHORT;2026-02-18;2026-02-18 / 08:15 - Monday
SHORT;2026-02-18;
SHORT;2026-02-18;Recs:
SHORT;2026-02-18;NQ_F - Nasdaq 100 futures (seasonal February weakness and easing momentum at key support levels) 
SHORT;2026-02-18;XAUUSD - Gold (options sentiment extreme with bearish engulfing candles and downside targets forming) 
SHORT;2026-02-18;DUOL - Duolingo Inc. (intraday trend under sustained negative control with continued losses) 
SHORT;2026-02-18;NZDUSD - FX pair (New Zealand dollar weak after dovish policy outlook and currency drop) 
SHORT;2026-02-18;XAGUSD - Silver (lower highs and liquidation pressure signaling further short-term weakness) 
SHORT;2026-02-18;
SHORT;2026-02-19;2026-02-19 / 08:15 - Monday
SHORT;2026-02-19;
SHORT;2026-02-19;Recs:
SHORT;2026-02-19;NQ_F - Nasdaq 100 futures (futures showing selling pressure with technical resistance and fragile sentiment after AI-driven volatility) 
SHORT;2026-02-19;XAUUSD - Gold (bearish engulfing structures and extreme options positioning targeting deeper correction) 
SHORT;2026-02-19;DUOL - Duolingo Inc. (price under medium-term negative control with continued intraday downside trend) 
SHORT;2026-02-19;GBPUSD - FX pair (sterling weak near monthly lows as dollar strengthens on hawkish Fed tone) 
SHORT;2026-02-19;USOIL - WTI Crude Oil (geopolitical spikes risk fade trades with short-term overextension after price jump) 
SHORT;2026-02-19;
SHORT;2026-02-20;2026-02-20 / 08:15 - Monday
SHORT;2026-02-20;
SHORT;2026-02-20;Recs:
SHORT;2026-02-20;NQ_F - Nasdaq 100 futures (global risk-off tone and tech-heavy indices pressured as stocks slide on geopolitical stress) 
SHORT;2026-02-20;XAUUSD - Gold (extreme bearish options positioning with analysts targeting deeper correction levels) 
SHORT;2026-02-20;XAGUSD - Silver (precious metals analysis signals further downside after volatile selloff structure) 
SHORT;2026-02-20;AUDUSD - FX pair (stronger dollar trend amid geopolitical tension and hawkish rate outlook pressures risk currencies) 
SHORT;2026-02-20;JP225_F - Nikkei 225 futures (Asian equities falling with tech-led weakness and deteriorating sentiment) 
SHORT;2026-02-20;
SHORT;2026-02-21;2026-02-21 / 08:15 - Monday
SHORT;2026-02-21;
SHORT;2026-02-21;Recs:
SHORT;2026-02-21;NQ_F - Nasdaq 100 futures (tech sector rotation and repeated selloff cycles keep intraday downside pressure elevated) 
SHORT;2026-02-21;XAGUSD - Silver (precious metals funds seeing outflows and prior sharp liquidation signal weak short?term structure) 
SHORT;2026-02-21;DXY - US Dollar Index (rally losing momentum below key resistance with broader bearish trend intact) 
SHORT;2026-02-21;CL_F - WTI Crude Oil futures (oversupply outlook and weakening commodity trend favor downside bias) 
SHORT;2026-02-21;HG_F - Copper futures (currency pressure and macro uncertainty weighing on industrial metals sentiment) 
SHORT;2026-02-21;
SHORT;2026-02-22;2026-02-22 / 08:15 - Monday
SHORT;2026-02-22;
SHORT;2026-02-22;Recs:
SHORT;2026-02-22;NQ_F - Nasdaq 100 futures (ongoing tech-led selloff and AI disruption fears sustaining downside pressure) 
SHORT;2026-02-22;XAGUSD - Silver (multi?week decline and liquidation trend after sharp volatility signals weak intraday structure) 
SHORT;2026-02-22;XAUUSD - Gold (precious metals falling during risk?off equity moves and stronger dollar pressure) 
SHORT;2026-02-22;USDJPY - FX pair (yen strength keeps bearish tone after multi?session decline) 
SHORT;2026-02-22;HG_F - Copper futures (industrial metals sentiment fragile amid global risk?off and equity weakness) 
SHORT;2026-02-22;
SHORT;2026-02-23;2026-02-23 / 08:15 - Monday
SHORT;2026-02-23;
SHORT;2026-02-23;Recs:
SHORT;2026-02-23;NQ_F - Nasdaq 100 futures (US futures falling amid tariff shock and tech weakness) 
SHORT;2026-02-23;USOIL - WTI Crude Oil (rejection from highs with demand cuts and oversupply pressure) 
SHORT;2026-02-23;GBPJPY - FX pair (yen strength and falling EMA create downside bias) 
SHORT;2026-02-23;BTCUSD - Bitcoin (risk-off flows and regulatory fears pushing crypto lower) 
SHORT;2026-02-23;ASX200_F - ASX 200 futures (regional equities sliding after tariff volatility and tech selloff) 
SHORT;2026-02-23;
SHORT;2026-02-24;2026-02-24 / 08:15 - Monday
SHORT;2026-02-24;
SHORT;2026-02-24;Recs:
SHORT;2026-02-24;NQ_F - Nasdaq 100 futures (software and tech hit by AI disruption fears and tariff volatility driving index selloff) 
SHORT;2026-02-24;CRM - Salesforce Inc. (software sector under heavy liquidation as AI spending concerns pressure valuations) 
SHORT;2026-02-24;BTCUSD - Bitcoin (risk assets weakening with tariff shock and momentum?factor unwind) 
SHORT;2026-02-24;EURUSD - FX pair (stronger dollar supported by safe?haven flows and trade uncertainty) 
SHORT;2026-02-24;ASX200_F - ASX 200 futures (bearish reversal near highs with global equity sentiment deteriorating) 
SHORT;2026-02-24;
SHORT;2026-02-25;2026-02-25 / 08:15 - Monday
SHORT;2026-02-25;
SHORT;2026-02-25;Recs:
SHORT;2026-02-25;NQ_F - Nasdaq 100 futures (AI?driven selloff narrative and ongoing rotation away from mega?cap tech keep downside pressure) 
SHORT;2026-02-25;EURUSD - FX pair (pair remains in short?term downtrend with bearish targets below current range) 
SHORT;2026-02-25;XAUUSD - Gold (bearish reversal pattern forming on daily chart despite volatility) 
SHORT;2026-02-25;BTCUSD - Bitcoin (risk assets vulnerable amid tariff uncertainty and tech?led volatility) 
SHORT;2026-02-25;HG_F - Copper futures (macro uncertainty and equity rotation weaken industrial?metal sentiment) 
SHORT;2026-02-25;
SHORT;2026-02-26;2026-02-26 / 08:15 - Monday
SHORT;2026-02-26;
SHORT;2026-02-26;Recs:
SHORT;2026-02-26;NQ_F - Nasdaq 100 futures (tariff escalation and AI disruption fears continue to pressure tech momentum) 
SHORT;2026-02-26;EURUSD - FX pair (short?term downtrend intact with downside targets under key support zones) 
SHORT;2026-02-26;DXY - US Dollar Index (rejection near resistance suggests swing?high formation and intraday weakness) 
SHORT;2026-02-26;XAGUSD - Silver (precious metals volatility after tariff shocks creates corrective downside risk) 
SHORT;2026-02-26;CL_F - WTI Crude Oil futures (inventory surplus and double?top risk amid Iran talks bias price lower) 
SHORT;2026-02-26;
SHORT;2026-02-27;2026-02-27 / 08:15 - Monday
SHORT;2026-02-27;
SHORT;2026-02-27;Recs:
SHORT;2026-02-27;NVDA - Nvidia (share price down sharply post?earnings showing technical breakdown into negative price action) 
SHORT;2026-02-27;SOX - Semiconductor index ETF (sector slump with broad chip equities falling on profit?taking) 
SHORT;2026-02-27;CL_F - WTI Crude Oil futures (oil selling pressure re?emerging amid lack of breakthrough in geopolitical talks) 
SHORT;2026-02-27;EURUSD - Euro vs US Dollar (FX showing short bias with dollar strength on risk aversion) 
SHORT;2026-02-27;COPPER_F - Copper futures (industrial metals weakness persists from earlier commodity slump) 
SHORT;2026-02-27;
SHORT;2026-02-28;2026-02-28 / 08:15 - Monday
SHORT;2026-02-28;
SHORT;2026-02-28;Recs:
SHORT;2026-02-28;ES_F - S&P 500 futures (global equities showing weakness on tariff and AI worries) 
SHORT;2026-02-28;CL_F - WTI crude futures (oil pulled back from resistance after spike on geopolitical news) 
SHORT;2026-02-28;XAUUSD - Gold spot (momentum fading with RSI nearing bearish thresholds) 
SHORT;2026-02-28;USDJPY - FX pair (risk?off flows support yen strength and dollar retracement) 
SHORT;2026-02-28;AAPL - Apple Inc (recent heavy sector selling with MACD and RSI trending down) 
SHORT;2026-02-28;
SHORT;2026-03-02;2026-03-02 / 08:16 - Monday
SHORT;2026-03-02;
SHORT;2026-03-02;Recs:
SHORT;2026-03-02;NQ_F - Nasdaq 100 futures (index testing lower technical support with downside risk active) 
SHORT;2026-03-02;ES_F - S&P 500 futures (futures below key pivot, sell?off pressure remains) 
SHORT;2026-03-02;USDX - US Dollar Index (rejection at resistance signals short bias) 
SHORT;2026-03-02;CL_F - WTI Crude Oil futures (geopolitical oil spike news followed by technical exhaustion) 
SHORT;2026-03-02;EURUSD - EUR/USD FX (short?term bearish structure below confluence support) 
SHORT;2026-03-02;
SHORT;2026-03-03;2026?03?03 / 08:16 - Monday
SHORT;2026-03-03;
SHORT;2026-03-03;Recs:
SHORT;2026-03-03;ES_F – S&P 500 futures (futures down on geopolitical and inflation risk, bearish momentum) 
SHORT;2026-03-03;NQ_F – Nasdaq 100 futures (tech stocks pressured by risk off and rising oil costs) 
SHORT;2026-03-03;EURUSD – Euro vs US Dollar (EUR underperforming as flight to USD continues) 
SHORT;2026-03-03;BA_F – Brent crude futures (after spike, short exhaustion and reversal setups) 
SHORT;2026-03-03;XAGUSD – Silver (safe haven gains fading, technical breakdown risk) 
SHORT;2026-03-03;
SHORT;2026-03-04;2026-03-04 / 08:15 - Monday
SHORT;2026-03-04;
SHORT;2026-03-04;Recs:
SHORT;2026-03-04;NVDA - NVIDIA Corp (failed breakout and tech weakness as equity selloff spreads) 
SHORT;2026-03-04;UAL - United Airlines (airlines pressured by rising oil costs and travel demand risk) 
SHORT;2026-03-04;DAL - Delta Air Lines (sector selling on fuel spike and geopolitical disruption) 
SHORT;2026-03-04;KOSPI - Korea Composite Index (sharp equity rout amid energy shock and capital outflows) 
SHORT;2026-03-04;EURUSD - Euro vs US Dollar (continuing short?term downtrend with risk?off dollar demand) 
SHORT;2026-03-04;
SHORT;2026-03-05;2026-03-05 / 08:16 - Monday
SHORT;2026-03-05;
SHORT;2026-03-05;Recs:
SHORT;2026-03-05;EURCHF – Euro vs Swiss Franc (descending channel with MACD below centerline and breakdown risk toward 0.9010) 
SHORT;2026-03-05;EURUSD – Euro vs US Dollar (energy shock and strong resistance keep pair drifting lower) 
SHORT;2026-03-05;NIKKEI – Nikkei 225 Index (recent multi?percent selloff signals fragile momentum in risk?off environment) 
SHORT;2026-03-05;MSCI ACWI – MSCI All Country World Index (five consecutive declines amid geopolitical stress and valuation concerns) 
SHORT;2026-03-05;BTCUSD – Bitcoin (risk?off volatility and macro uncertainty increasing intraday downside probability) 
SHORT;2026-03-05;
SHORT;2026-03-06;2026-03-06 / 08:15 - Monday
SHORT;2026-03-06;
SHORT;2026-03-06;Recs:
SHORT;2026-03-06;AAL - American Airlines (airlines falling as fuel costs surge from Middle East oil shock) 
SHORT;2026-03-06;UAL - United Airlines (sector-wide airline selloff tied to higher jet fuel and travel disruption risk) 
SHORT;2026-03-06;ES_F - S&P 500 Futures (broad equity sentiment bearish amid war-driven inflation fears) 
SHORT;2026-03-06;EURUSD - Euro vs US Dollar (risk-off flows favor USD while European growth outlook weakens) 
SHORT;2026-03-06;NIKKEI - Nikkei 225 Index (Asian equities pressured as global conflict drives risk aversion) 
SHORT;2026-03-06;
SHORT;2026-03-07;2026-03-07 / 08:16 - Monday
SHORT;2026-03-07;
SHORT;2026-03-07;Recs:
SHORT;2026-03-07;"JBLU - JetBlue Airways (airline sector in bear market as jet?fuel costs surge; stock under key technical levels) "
SHORT;2026-03-07;UAL - United Airlines (airlines dropping on oil shock and rising operating costs) 
SHORT;2026-03-07;SPX - S&P 500 Index (equities pressured by oil spike, weak jobs data, and geopolitical risk) 
SHORT;2026-03-07;EURUSD - Euro vs US Dollar (triangle breakdown risk with persistent bearish momentum) 
SHORT;2026-03-07;BTCUSD - Bitcoin (risk?off environment with recent sharp decline during macro volatility) 
SHORT;2026-03-07;
SHORT;2026-03-08;2026-03-08 / 08:15 - Monday
SHORT;2026-03-08;
SHORT;2026-03-08;Recs:
SHORT;2026-03-08;AAL - American Airlines (airline margins pressured by jet fuel spike from Middle East conflict) 
SHORT;2026-03-08;UAL - United Airlines (sector selloff as oil surge raises operating costs and travel disruption risk) 
SHORT;2026-03-08;IAG.L - International Airlines Group (European airline exposure to fuel shock and travel uncertainty) 
SHORT;2026-03-08;RTY_F - Russell 2000 Futures (small caps weakest during inflation shocks and risk?off macro) 
SHORT;2026-03-08;EURUSD - Euro vs US Dollar (risk?off flows favor USD amid geopolitical and inflation pressure) 
SHORT;2026-03-08;
SHORT;2026-03-09;2026-03-09 / 08:15 - Monday
SHORT;2026-03-09;
SHORT;2026-03-09;Recs:
SHORT;2026-03-09;AAL - American Airlines (airline margins pressured by jet fuel surge and travel disruption risk) 
SHORT;2026-03-09;UAL - United Airlines (sector selling as oil above $100 sharply raises fuel costs) 
SHORT;2026-03-09;DAL - Delta Air Lines (airline stocks under pressure during Middle East conflict and energy shock) 
SHORT;2026-03-09;NIKKEI - Nikkei 225 Index (Asian equities falling amid oil spike and global risk-off sentiment) 
SHORT;2026-03-09;EURJPY - Euro vs Japanese Yen (risk-off flows favor JPY while euro exposed to energy shock) 
SHORT;2026-03-09;
SHORT;2026-03-10;2026-03-10 / 08:15 - Monday
SHORT;2026-03-10;
SHORT;2026-03-10;Recs:
SHORT;2026-03-10;AAL - American Airlines (airline equities under pressure as oil spike raises jet?fuel costs and compresses margins) 
SHORT;2026-03-10;UAL - United Airlines (sector bearish after airlines enter selloff tied to unhedged fuel exposure) 
SHORT;2026-03-10;IAG.L - International Airlines Group (European airline shares sliding on oil shock and route disruption risk) 
SHORT;2026-03-10;NIKKEI - Nikkei 225 Index (Asian equities weak amid geopolitical escalation and energy?driven inflation fears) 
SHORT;2026-03-10;EURUSD - Euro vs US Dollar (risk?off flows and energy?shock exposure weigh on euro) 
SHORT;2026-03-10;
SHORT;2026-03-11;2026-03-11 / 08:15 - Monday
SHORT;2026-03-11;
SHORT;2026-03-11;Recs:
SHORT;2026-03-11;AAL - American Airlines (airline stocks falling as oil above $100 raises jet?fuel costs and margins compress) 
SHORT;2026-03-11;UAL - United Airlines (sector in sustained downtrend as Middle East conflict drives fuel cost shock) 
SHORT;2026-03-11;JBLU - JetBlue Airways (recent selloff tied to fuel spike and weakening travel demand expectations) 
SHORT;2026-03-11;NIKKEI - Nikkei 225 Index (Asian equities pressured by oil volatility and geopolitical risk) 
SHORT;2026-03-11;SPX - S&P 500 Index (global equities fragile as oil shock and shipping disruptions increase recession risk) 
SHORT;2026-03-11;
SHORT;2026-03-11;This automation has been paused due to too many unread executions. You can resume it in automations settings or by asking ChatGPT.
SHORT;2026-03-11;
SHORT;2026-03-12;2026-03-12 / 08:16 - Monday
SHORT;2026-03-12;
SHORT;2026-03-12;Recs:
SHORT;2026-03-12;AAL - American Airlines (airline sector breaking down as oil spike above $100 sharply raises fuel costs) 
SHORT;2026-03-12;UAL - United Airlines (airline industry in sustained selloff with technical breakdown after oil shock) 
SHORT;2026-03-12;DAL - Delta Air Lines (airlines broadly pressured by war?driven oil surge and travel disruption risk) 
SHORT;2026-03-12;NIKKEI - Nikkei 225 Index (Asian equities falling as shipping attacks push oil higher and trigger risk?off) 
SHORT;2026-03-12;SPX - S&P 500 Index (global equities weakening as oil spike and geopolitical escalation pressure risk assets) 
SHORT;2026-03-12;
SHORT;2026-03-13;2026-03-13 / 08:15 - Monday
SHORT;2026-03-13;
SHORT;2026-03-13;Recs:
SHORT;2026-03-13;AAL - American Airlines (airline sector in bear market as oil spike above $100 sharply raises fuel costs) 
SHORT;2026-03-13;UAL - United Airlines (persistent airline selloff tied to Middle East conflict and jet?fuel shock) 
SHORT;2026-03-13;XLY - Consumer Discretionary Select Sector SPDR ETF (energy shock pressures discretionary spending and travel demand) 
SHORT;2026-03-13;EWJ - iShares MSCI Japan ETF (Asian equities weakening as war?driven oil surge reduces growth expectations) 
SHORT;2026-03-13;EURUSD - Euro vs US Dollar (risk?off flows strengthening USD amid geopolitical conflict and inflation fears) 
SHORT;2026-03-13;
SHORT;2026-03-14;2026-03-14 / 08:16 - Monday
SHORT;2026-03-14;
SHORT;2026-03-14;Recs:
SHORT;2026-03-14;AAL - American Airlines (airline stocks under pressure as oil spike from Middle East conflict drives fuel-cost shock) 
SHORT;2026-03-14;UAL - United Airlines (sector-wide bearish momentum after crude surge and travel disruption fears) 
SHORT;2026-03-14;QQQ - Invesco QQQ Trust (tech-heavy index weakening amid broad equity selloff linked to energy-driven inflation risk) 
SHORT;2026-03-14;EWJ - iShares MSCI Japan ETF (Asian equities pressured by oil shock and global risk-off flows) 
SHORT;2026-03-14;EURUSD - Euro vs US Dollar (risk-off environment strengthening USD while energy-import exposure weighs on euro) 
SHORT;2026-03-14;
SHORT;2026-03-15;2026-03-15 / 08:15 - Monday
SHORT;2026-03-15;
SHORT;2026-03-15;Recs:
SHORT;2026-03-15;AAL - American Airlines (airline sector in bear market as oil above $100 sharply raises jet?fuel costs) 
SHORT;2026-03-15;UAL - United Airlines (continued downside momentum with travel demand risk from war?driven fuel shock) 
SHORT;2026-03-15;DAL - Delta Air Lines (airlines broadly selling off as higher crude compresses margins and threatens capacity) 
SHORT;2026-03-15;SPY - SPDR S&P 500 ETF Trust (broad equities pressured by oil spike, geopolitical escalation, and risk?off flows) 
SHORT;2026-03-15;EWJ - iShares MSCI Japan ETF (oil shock and shipping disruption from Hormuz crisis weigh on import?dependent Asian economies) 
SHORT;2026-03-15;
SHORT;2026-03-17;2026-03-17 / 08:15 - Monday
SHORT;2026-03-17;
SHORT;2026-03-17;Recs:
SHORT;2026-03-17;AAL - American Airlines (jet?fuel shock from oil above $100 and travel sector selling pressure) 
SHORT;2026-03-17;UAL - United Airlines (airline index underperforming as fuel costs surge during Hormuz crisis) 
SHORT;2026-03-17;EWJ - iShares MSCI Japan ETF (oil?import?dependent Asian equities weakening amid energy supply disruption) 
SHORT;2026-03-17;NIKKEI - Nikkei 225 Index (regional equity weakness as crude rebounds near $100 and risk?off sentiment grows) 
SHORT;2026-03-17;SPY - SPDR S&P 500 ETF Trust (equity futures pointing lower with geopolitical escalation and higher oil) 
SHORT;2026-03-17;
SHORT;2026-03-17;This automation has been paused due to too many unread executions. You can resume it in automations settings or by asking ChatGPT.
SHORT;2026-03-17;
SHORT;2026-04-23;2026-04-23 / 08:16 - Monday
SHORT;2026-04-23;
SHORT;2026-04-23;Recs:
SHORT;2026-04-23;NIFTY50 – NSE Nifty 50 Index (Indian equities weakening on oil shock, foreign outflows, and earnings downgrade risk) 
SHORT;2026-04-23;INRUSD – Indian Rupee (currency breaking lower on oil surge and policy uncertainty) 
SHORT;2026-04-23;HSI – Hang Seng Index (Asian equities reversing as oil spike triggers risk-off sentiment) 
SHORT;2026-04-23;"EURUSD – Euro vs US Dollar (Europe exposed to energy shock; conflict weakening growth outlook) "
SHORT;2026-04-23;RTY – Russell 2000 Index (small caps vulnerable to inflation and oil-driven cost pressure despite index highs) 
SHORT;2026-04-23;
SHORT;2026-04-24;2026-04-24 / 08:15 - Monday
SHORT;2026-04-24;
SHORT;2026-04-24;Recs:
SHORT;2026-04-24;SX5E – Euro Stoxx 50 Index (European futures signaling weak open amid energy shock and inflation risk) 
SHORT;2026-04-24;"DAX – DAX Index (Germany exposed to energy costs; futures declining on oil-driven macro pressure) "
SHORT;2026-04-24;EURUSD – Euro vs US Dollar (USD strengthening as safe haven while Europe faces energy shock) 
SHORT;2026-04-24;TSLA – Tesla (post-earnings selloff on heavy capex plans despite revenue beat) 
SHORT;2026-04-24;NOW – ServiceNow (sharp earnings-related drop with weak deal outlook under geopolitical uncertainty) 
SHORT;2026-04-24;
SHORT;2026-04-25;2026-04-25 / 08:15 - Monday
SHORT;2026-04-25;
SHORT;2026-04-25;Recs:
SHORT;2026-04-25;SX5E – Euro Stoxx 50 Index (European data deteriorating with collapsing consumer confidence and energy shock) 
SHORT;2026-04-25;"DAX – DAX Index (Germany highly exposed to fuel inflation; equities already underperforming on oil spike) "
SHORT;2026-04-25;SPY – SPDR S&P 500 ETF Trust (record highs with heavy put skew signaling institutional downside hedging) 
SHORT;2026-04-25;EURUSD – Euro vs US Dollar (growth outlook weakening in eurozone amid war-driven inflation shock) 
SHORT;2026-04-25;HSI – Hang Seng Index (Asia demand destruction from oil disruption and supply shock pressures equities) 
SHORT;2026-04-25;
SHORT;2026-04-26;2026-04-26 / 08:15 - Monday
SHORT;2026-04-26;
SHORT;2026-04-26;Recs:
SHORT;2026-04-26;SPY – SPDR S&P 500 ETF Trust (record highs with heavy put skew and downside hedging signaling distribution) 
SHORT;2026-04-26;DAX – DAX Index (European equities falling on energy shock and inflation pressure from oil spike) 
SHORT;2026-04-26;EURUSD – Euro vs US Dollar (euro weakening as Europe faces energy supply risk and growth deterioration) 
SHORT;2026-04-26;AAL – American Airlines (jet fuel costs surging sharply, compressing margins intraday) 
SHORT;2026-04-26;HSI – Hang Seng Index (Asia demand destruction from oil shock and supply disruption pressures equities) 
SHORT;2026-04-26;
SHORT;2026-04-27;2026-04-27 / 08:15 - Monday
SHORT;2026-04-27;
SHORT;2026-04-27;Recs:
SHORT;2026-04-27;INRUSD – Indian Rupee (oil shock driving capital outflows and sharp depreciation pressure) 
SHORT;2026-04-27;SPY – SPDR S&P 500 ETF Trust (futures slipping at highs with oil-driven inflation risk) 
SHORT;2026-04-27;DAX – DAX Index (Europe vulnerable to energy spike and growth compression) 
SHORT;2026-04-27;EURUSD – Euro vs US Dollar (USD bid on geopolitical risk and tighter financial conditions) 
SHORT;2026-04-27;RTY – Russell 2000 Index (small caps sensitive to rising input costs and rate repricing) 
SHORT;2026-04-27;
SHORT;2026-04-28;2026-04-28 / 08:15 - Monday
SHORT;2026-04-28;
SHORT;2026-04-28;Recs:
SHORT;2026-04-28;INRUSD – Indian Rupee (oil near $110 driving depreciation and capital outflows in oil-import economies) 
SHORT;2026-04-28;"NIKKEI – Nikkei 225 Index (index rolling over after highs; tightening policy bias from BOJ adds pressure) "
SHORT;2026-04-28;"EURUSD – Euro vs US Dollar (USD supported by geopolitical risk; euro exposed to energy shock) "
SHORT;2026-04-28;RTY – Russell 2000 Index (small caps vulnerable as oil-driven inflation compresses margins) 
SHORT;2026-04-28;AAL – American Airlines (jet fuel spike and supply shortages structurally negative for intraday sentiment) 
SHORT;2026-04-28;
SHORT;2026-04-29;2026-04-29 / 08:16 - Monday
SHORT;2026-04-29;
SHORT;2026-04-29;Recs:
SHORT;2026-04-29;NQ – Nasdaq 100 Index (tech selling pressure on missed AI expectations and earnings risk) 
SHORT;2026-04-29;DAX – DAX Index (European equities weakening under energy shock and inflation spike) 
SHORT;2026-04-29;EURUSD – Euro vs US Dollar (euro pressured by energy crisis and weak growth outlook) 
SHORT;2026-04-29;ZN – US 10Y Treasury Note Futures (yields rising sharply, bearish for bond prices) 
SHORT;2026-04-29;CL – WTI Crude Oil (short-term pullback after extreme spike and volatility from OPEC disruption) 
SHORT;2026-04-29;
SHORT;2026-04-30;2026-04-30 / 08:15 - Monday
SHORT;2026-04-30;
SHORT;2026-04-30;Recs:
SHORT;2026-04-30;NIKKEI – Nikkei 225 Index (Asian equities dropping on oil shock and risk-off sentiment) 
SHORT;2026-04-30;DAX – DAX Index (Europe exposed to energy spike and hawkish central bank repricing) 
SHORT;2026-04-30;EURUSD – Euro vs US Dollar (USD strength from yields surge and geopolitical risk) 
SHORT;2026-04-30;ZN – US 10Y Treasury Note Futures (yields rising sharply amid inflation shock, bearish for bonds) 
SHORT;2026-04-30;AAL – American Airlines (fuel cost shock from oil at $125 compressing margins intraday) 
SHORT;2026-04-30;
SHORT;2026-05-01;2026-05-01 / 08:15 - Monday
SHORT;2026-05-01;
SHORT;2026-05-01;Recs:
SHORT;2026-05-01;"NQ – Nasdaq 100 Index (record rally driven by narrow AI earnings; positioning stretched and reversal risk elevated) "
SHORT;2026-05-01;"SPY – SPDR S&P 500 ETF Trust (best month since 2020 with complacency despite oil shock; overextension setup) "
SHORT;2026-05-01;"EURUSD – Euro vs US Dollar (USD supported by higher yields and policy divergence; euro vulnerable to energy shock) "
SHORT;2026-05-01;ZN – US 10Y Treasury Note Futures (inflation shock from oil and hawkish central banks pushing yields higher) 
SHORT;2026-05-01;CL – WTI Crude Oil (extreme spike and volatility near $110-125 with pullback risk after parabolic move) 
SHORT;2026-05-01;
SHORT;2026-05-02;2026-05-02 / 08:15 - Monday
SHORT;2026-05-02;
SHORT;2026-05-02;Recs:
SHORT;2026-05-02;NQ – Nasdaq 100 Index (record highs with extreme AI concentration and overbought positioning flagged for pullback) 
SHORT;2026-05-02;SPY – SPDR S&P 500 ETF Trust (market disconnected from macro reality with rising recession and inflation risk) 
SHORT;2026-05-02;DAX – DAX Index (Europe highly exposed to oil shock and growth slowdown pressures) 
SHORT;2026-05-02;EURUSD – Euro vs US Dollar (energy-driven inflation divergence favors USD strength) 
SHORT;2026-05-02;CL – WTI Crude Oil (parabolic spike with supply shock priced in, short-term reversal risk elevated) 
SHORT;2026-05-02;
SHORT;2026-05-03;2026-05-03 / 08:15 - Monday
SHORT;2026-05-03;
SHORT;2026-05-03;Recs:
SHORT;2026-05-03;NQ – Nasdaq 100 Index (record highs with crowded AI positioning and reversal risk after extended rally) 
SHORT;2026-05-03;DAX – DAX Index (Europe highly exposed to energy shock and stagflation pressures) 
SHORT;2026-05-03;EURUSD – Euro vs US Dollar (energy-driven inflation divergence and USD yield support) 
SHORT;2026-05-03;ZN – US 10Y Treasury Note Futures (rising inflation expectations from oil shock pushing yields higher) 
SHORT;2026-05-03;CL – WTI Crude Oil (recent pullback after extreme spike signals short-term downside continuation) 
SHORT;2026-05-03;
SHORT;2026-05-04;2026-05-04 / 08:14 - Monday
SHORT;2026-05-04;
SHORT;2026-05-04;Recs:
SHORT;2026-05-04;"NQ – Nasdaq 100 Index (AI-driven rally highly concentrated and overextended; reversal risk rising) "
SHORT;2026-05-04;RTY – Russell 2000 Index (small caps vulnerable to rising yields and inflation shock) 
SHORT;2026-05-04;EURUSD – Euro vs US Dollar (policy divergence and energy shock favor USD strength) 
SHORT;2026-05-04;ZN – US 10Y Treasury Note Futures (inflation spike from oil pushing yields higher, bearish bonds) 
SHORT;2026-05-04;CL – WTI Crude Oil (failed breakout with near-term pullback amid easing risk sentiment) 
SHORT;2026-05-04;
SHORT;2026-05-04;This task has been paused because updates haven't been viewed in a while. You can resume it in automations settings or by asking ChatGPT.
SHORT;2026-05-04;
SHORT;2026-05-05;2026-05-05 / 08:15 - Monday
SHORT;2026-05-05;
SHORT;2026-05-05;Recs:
SHORT;2026-05-05;NVDA – NVIDIA Corporation (parabolic AI rally showing momentum exhaustion and intraday reversal signals)
SHORT;2026-05-05;RTY – Russell 2000 Index (weak breadth and sensitivity to rising yields)
SHORT;2026-05-05;EURUSD – Euro vs US Dollar (USD strength on yield divergence and macro pressure in Europe)
SHORT;2026-05-05;ZN – US 10Y Treasury Note Futures (bearish on continued upward pressure in yields)
SHORT;2026-05-05;HG – Copper Futures (growth-sensitive commodity rolling over amid global slowdown concerns)
SHORT;2026-05-05;
SHORT;2026-05-06;2026-05-06 / 08:15 - Monday
SHORT;2026-05-06;
SHORT;2026-05-06;Recs:
SHORT;2026-05-06;"NVDA – NVIDIA Corporation (AI momentum extremely crowded; bearish exhaustion after vertical rally) "
SHORT;2026-05-06;
SHORT;2026-05-06;"NQ – Nasdaq 100 Index (record highs despite inflation and yield risks; short-term reversal setup) "
SHORT;2026-05-06;
SHORT;2026-05-06;ZN – US 10Y Treasury Note Futures (hawkish rate repricing and rising inflation expectations pressure bonds) 
SHORT;2026-05-06;
SHORT;2026-05-06;"CL – WTI Crude Oil Futures (failed breakout after geopolitical spike; sharp downside momentum emerging) "
SHORT;2026-05-06;
SHORT;2026-05-06;XAUUSD – Gold Spot (rising real yields and stronger USD creating bearish technical pressure) 
SHORT;2026-05-06;
SHORT;2026-05-07;2026-05-07 / 08:15 - Monday
SHORT;2026-05-07;
SHORT;2026-05-07;Recs:
SHORT;2026-05-07;"AMD - Advanced Micro Devices (post-earnings euphoric spike looks overextended; mean-reversion risk elevated) "
SHORT;2026-05-07;
SHORT;2026-05-07;NQ - Nasdaq 100 Index (AI-driven melt-up with crowded positioning and deteriorating breadth) 
SHORT;2026-05-07;
SHORT;2026-05-07;EURJPY - Euro vs Japanese Yen (yen intervention risk rising after sharp JPY weakness) 
SHORT;2026-05-07;
SHORT;2026-05-07;ZN - US 10Y Treasury Note Futures (higher-for-longer Fed expectations remain bearish for bonds) 
SHORT;2026-05-07;
SHORT;2026-05-07;HG - Copper Futures (global growth slowdown concerns and weakening industrial demand signals) 
SHORT;2026-05-07;
SHORT;2026-05-07;Generate short trade shorts
SHORT;2026-05-07;
SHORT;2026-05-08;2026-05-08 / 08:15 - Monday
SHORT;2026-05-08;
SHORT;2026-05-08;Recs:
SHORT;2026-05-08;ARM - Arm Holdings (post-earnings weakness and failed momentum continuation after AI rally) 
SHORT;2026-05-08;
SHORT;2026-05-08;DAX - German DAX Index (Europe remains highly exposed to energy and inflation shocks) 
SHORT;2026-05-08;
SHORT;2026-05-08;ZN - US 10Y Treasury Note Futures (yields breaking higher keeps pressure on duration trades) 
SHORT;2026-05-08;
SHORT;2026-05-08;EURUSD - Euro vs US Dollar (energy vulnerability and weaker European macro backdrop) 
SHORT;2026-05-08;
SHORT;2026-05-08;CL - WTI Crude Oil Futures (Iran deal optimism triggered breakdown from recent spike highs) 
SHORT;2026-05-08;
SHORT;2026-05-09;2026-05-09 / 08:15 - Monday
SHORT;2026-05-09;
SHORT;2026-05-09;Recs:
SHORT;2026-05-09;"SMCI - Super Micro Computer (AI infrastructure trade overstretched; momentum rollover after extreme run-up) "
SHORT;2026-05-09;
SHORT;2026-05-09;RTY - Russell 2000 Index (small caps pressured by sticky inflation and higher-for-longer yields) 
SHORT;2026-05-09;
SHORT;2026-05-09;EURUSD - Euro vs US Dollar (European growth vulnerability and energy exposure remain bearish) 
SHORT;2026-05-09;
SHORT;2026-05-09;ZN - US 10Y Treasury Note Futures (hawkish repricing and rising inflation expectations continue pressuring bonds) 
SHORT;2026-05-09;
SHORT;2026-05-09;CL - WTI Crude Oil Futures (peace-deal optimism and failed breakout create downside intraday setup) 
SHORT;2026-05-09;
SHORT;2026-05-10;2026-05-10 / 08:15 - Monday
SHORT;2026-05-10;
SHORT;2026-05-10;Recs:
SHORT;2026-05-10;"NVDA - NVIDIA Corporation (parabolic AI rally stretched; bearish mean-reversion risk after crowded positioning) "
SHORT;2026-05-10;
SHORT;2026-05-10;SMH - VanEck Semiconductor ETF (semis extremely overbought after strongest multi-week surge since 2009) 
SHORT;2026-05-10;
SHORT;2026-05-10;CL - WTI Crude Oil Futures (Iran peace-deal optimism continues pressuring oil lower intraday) 
SHORT;2026-05-10;
SHORT;2026-05-10;ZN - US 10Y Treasury Note Futures (inflation fears and elevated yields remain bearish for bonds) 
SHORT;2026-05-10;
SHORT;2026-05-10;EURUSD - Euro vs US Dollar (Europe more exposed to energy shock and weak growth backdrop) 
SHORT;2026-05-10;
SHORT;2026-05-11;2026-05-11 / 08:15 - Monday
SHORT;2026-05-11;
SHORT;2026-05-11;Recs:
SHORT;2026-05-11;TSLA - Tesla, Inc. (weak China EV demand data and failed rebound below resistance)
SHORT;2026-05-11;
SHORT;2026-05-11;HYG - iShares iBoxx $ High Yield Corporate Bond ETF (credit spreads widening as recession pricing accelerates)
SHORT;2026-05-11;
SHORT;2026-05-11;GBPJPY - British Pound vs Japanese Yen (yen strengthening on renewed intervention expectations)
SHORT;2026-05-11;
SHORT;2026-05-11;HG - Copper Futures (China industrial slowdown and breakdown from recent support zone)
SHORT;2026-05-11;
SHORT;2026-05-11;ES - S&P 500 Futures (breadth deterioration and overextended positioning after AI-led rally)
SHORT;2026-05-11;
SHORT;2026-05-12;2026-05-12 / 08:15 - Monday
SHORT;2026-05-12;
SHORT;2026-05-12;Recs:
SHORT;2026-05-12;"NFLX - Netflix, Inc. (subscriber growth optimism fading; bearish divergence after extended rally)"
SHORT;2026-05-12;
SHORT;2026-05-12;NKY - Nikkei 225 Index (yen rebound pressure and overheated AI/export positioning)
SHORT;2026-05-12;
SHORT;2026-05-12;AUDUSD - Australian Dollar vs US Dollar (China slowdown concerns weakening commodity-linked FX)
SHORT;2026-05-12;
SHORT;2026-05-12;SI - Silver Futures (failed breakout alongside stronger USD and rising real yields)
SHORT;2026-05-12;
SHORT;2026-05-12;IWM - iShares Russell 2000 ETF (small caps underperforming as financing pressures intensify)
SHORT;2026-05-12;
SHORT;2026-05-13;2026-05-13 / 08:15 - Monday
SHORT;2026-05-13;
SHORT;2026-05-13;Recs:
SHORT;2026-05-13;SMH - VanEck Semiconductor ETF (semiconductor profit-taking accelerating after extreme AI-driven overextension) 
SHORT;2026-05-13;
SHORT;2026-05-13;TSLA - Tesla, Inc. (consumer discretionary pressure rising with oil-driven inflation shock) 
SHORT;2026-05-13;
SHORT;2026-05-13;ZN - US 10Y Treasury Note Futures (rising inflation expectations and surging yields remain bearish for bonds) 
SHORT;2026-05-13;
SHORT;2026-05-13;GBPUSD - British Pound vs US Dollar (UK political instability and rising gilt stress weakening sterling) 
SHORT;2026-05-13;
SHORT;2026-05-13;RTY - Russell 2000 Index (small caps vulnerable to higher financing costs and persistent inflation) 
SHORT;2026-05-13;
SHORT;2026-05-14;2026-05-14 / 08:15 - Monday
SHORT;2026-05-14;
SHORT;2026-05-14;Recs:
SHORT;2026-05-14;TSLA - Tesla, Inc. (momentum exhaustion as yields and inflation fears pressure high-duration tech) 
SHORT;2026-05-14;
SHORT;2026-05-14;SMH - VanEck Semiconductor ETF (AI-chip positioning overcrowded after vertical rally into record highs) 
SHORT;2026-05-14;
SHORT;2026-05-14;ZN - US 10Y Treasury Note Futures (hot inflation data and rising 5% long-end yields remain bearish for bonds) 
SHORT;2026-05-14;
SHORT;2026-05-14;GBPUSD - British Pound vs US Dollar (UK political instability and stronger USD trend weaken sterling) 
SHORT;2026-05-14;
SHORT;2026-05-14;CL - WTI Crude Oil Futures (demand destruction signals and volatile peace-talk headlines create downside pressure) 
SHORT;2026-05-14;
SHORT;2026-05-14;Generate short trade shorts
SHORT;2026-05-14;
SHORT;2026-05-15;2026-05-15 / 08:15 - Monday
SHORT;2026-05-15;
SHORT;2026-05-15;Recs:
SHORT;2026-05-15;QQQ - Invesco QQQ Trust (Nasdaq overstretched as inflation and bond yields surge higher) 
SHORT;2026-05-15;
SHORT;2026-05-15;SMH - VanEck Semiconductor ETF (AI-chip momentum extremely crowded after record rally) 
SHORT;2026-05-15;
SHORT;2026-05-15;ZN - US 10Y Treasury Note Futures (higher oil and inflation expectations continue crushing bonds) 
SHORT;2026-05-15;
SHORT;2026-05-15;GBPUSD - British Pound vs US Dollar (stronger USD and rising global rate fears pressure sterling) 
SHORT;2026-05-15;
SHORT;2026-05-15;RTY - Russell 2000 Index (small caps weakening under elevated financing and inflation stress) 
SHORT;2026-05-15;
SHORT;2026-05-15;Generate short trade shorts
SHORT;2026-05-15;
SHORT;2026-05-16;2026-05-16 / 08:15 - Monday
SHORT;2026-05-16;
SHORT;2026-05-16;Recs:
SHORT;2026-05-16;"NVDA - NVIDIA Corporation (parabolic AI rally losing momentum; bearish RSI divergence emerging)"
SHORT;2026-05-16;
SHORT;2026-05-16;EURJPY - Euro vs Japanese Yen (risk-off flows strengthening yen amid global growth concerns)
SHORT;2026-05-16;
SHORT;2026-05-16;HG - Copper Futures (weak China property data and failed breakout below resistance)
SHORT;2026-05-16;
SHORT;2026-05-16;ARKK - ARK Innovation ETF (high-beta tech under pressure from rising real yields)
SHORT;2026-05-16;
SHORT;2026-05-16;TLT - iShares 20+ Year Treasury Bond ETF (persistent inflation fears continue driving long-duration bond weakness)
SHORT;2026-05-16;
SHORT;2026-05-16;Generate short trade shorts
SHORT;2026-05-16;
SHORT;2026-05-17;2026-05-17 / 08:15 - Monday
SHORT;2026-05-17;
SHORT;2026-05-17;Recs:
SHORT;2026-05-17;AAPL - Apple Inc. (China smartphone weakness and failed breakout below major resistance)
SHORT;2026-05-17;
SHORT;2026-05-17;DAX - German DAX Index (European industrial slowdown and deteriorating export sentiment)
SHORT;2026-05-17;
SHORT;2026-05-17;XAUUSD - Gold vs US Dollar (stronger dollar and rising Treasury yields pressuring precious metals)
SHORT;2026-05-17;
SHORT;2026-05-17;HYG - iShares iBoxx $ High Yield Corporate Bond ETF (credit spreads widening as recession fears return)
SHORT;2026-05-17;
SHORT;2026-05-17;AUDJPY - Australian Dollar vs Japanese Yen (risk-off positioning and weaker China-linked demand hurting AUD)
SHORT;2026-05-17;
SHORT;2026-05-17;Generate short trade shorts
SHORT;2026-05-17;
SHORT;2026-05-18;2026-05-18 / 08:16 - Monday
SHORT;2026-05-18;
SHORT;2026-05-18;Recs:
SHORT;2026-05-18;SOXL - Direxion Daily Semiconductor Bull 3X Shares (semiconductor momentum reversing after AI-led exhaustion and weaker Asia chip sentiment)
SHORT;2026-05-18;
SHORT;2026-05-18;USDSEK - US Dollar vs Swedish Krona (hawkish Fed repricing and risk-off flows strengthening USD)
SHORT;2026-05-18;
SHORT;2026-05-18;KRE - SPDR S&P Regional Banking ETF (regional banks weakening as commercial real-estate stress resurfaces)
SHORT;2026-05-18;
SHORT;2026-05-18;NG - Natural Gas Futures (mild weather forecasts and oversupply pressures breaking recent support)
SHORT;2026-05-18;
SHORT;2026-05-18;CAC40 - French CAC 40 Index (luxury and industrial sectors pressured by slowing China demand and weak EU data)
SHORT;2026-05-18;
SHORT;2026-05-18;Generate short trade shorts
SHORT;2026-05-18;
SHORT;2026-05-19;2026-05-19 / 08:15 - Monday
SHORT;2026-05-19;
SHORT;2026-05-19;Recs:
SHORT;2026-05-19;IWM - iShares Russell 2000 ETF (small caps breaking lower as higher yields pressure leveraged balance sheets)
SHORT;2026-05-19;
SHORT;2026-05-19;EURUSD - Euro vs US Dollar (USD strength accelerating after hawkish Fed repricing and weak eurozone data)
SHORT;2026-05-19;
SHORT;2026-05-19;BABA - Alibaba Group Holding Limited (China consumption weakness and regulatory uncertainty hurting sentiment)
SHORT;2026-05-19;
SHORT;2026-05-19;XBI - SPDR S&P Biotech ETF (risk-off rotation and rising real yields pressuring speculative biotech)
SHORT;2026-05-19;
SHORT;2026-05-19;ZB - US Treasury Bond Futures (persistent inflation expectations keeping long-duration bonds under pressure)
SHORT;2026-05-19;
SHORT;2026-05-19;This task has been paused because updates haven't been viewed in a while. You can resume it in automations settings or by asking ChatGPT.
SHORT;2026-05-19;Resume task
SHORT;2026-05-19;Task resumed.
SHORT;2026-05-19;Paused·Generate short trade shorts
SHORT;2026-05-19;ChatGPT
SHORT;2026-05-19;
SHORT;2026-05-19;
SHORT;2026-05-19;
SHORT;2026-05-19;Yes.
SHORT;2026-05-19;
SHORT;2026-05-19;ChatGPT UI options:
SHORT;2026-05-19;
SHORT;2026-05-19;Export conversation via browser print to PDF.
SHORT;2026-05-19;Copy entire chat and save as text or markdown.
SHORT;2026-05-19;
SHORT;2026-05-19;Programmatic:
SHORT;2026-05-19;
SHORT;2026-05-19;Use ChatGPT data export from account settings.
SHORT;2026-05-19;If using your SQLite chat cache, this conversation is already stored and downloadable.
SHORT;2026-05-19;
SHORT;2026-05-19;No native one-click download button per chat.
SHORT;2026-05-19;
